gene_name	NM_id	exon_info	bp_pos	aa_pos	ref	alt	pos
ACVR2B	NM_001106	exon2	c.G256A	p.D86N	D	N	86
ACVR2B	NM_001106	exon4	c.G482A	p.R161Q	R	Q	161
ACVR2B	NM_001106	exon6	c.A742G	p.I248V	I	V	248
ACVR2B	NM_001106	exon8	c.C1042T	p.P348S	P	S	348
ACVR2B	NM_001106	exon11	c.A1522G	p.K508E	K	E	508
MAPK10	NM_001318067	exon12	c.G1223T	p.G408V	G	V	408
MAPK10	NM_001318068	exon12	c.G788T	p.G263V	G	V	263
MAPK10	NM_001351624	exon13	c.G1109T	p.G370V	G	V	370
MAPK10	NM_001351625	exon13	c.G1109T	p.G370V	G	V	370
MAPK10	NM_002753	exon13	c.G1223T	p.G408V	G	V	408
MAPK10	NM_138980	exon13	c.G1109T	p.G370V	G	V	370
MAPK10	NM_138982	exon13	c.G1223T	p.G408V	G	V	408
MAPK10	NM_001318067	exon8	c.C802T	p.H268Y	H	Y	268
MAPK10	NM_001318068	exon8	c.C367T	p.H123Y	H	Y	123
MAPK10	NM_001351624	exon9	c.T644C	p.M215T	M	T	215
MAPK10	NM_001351625	exon9	c.T644C	p.M215T	M	T	215
MAPK10	NM_002753	exon9	c.T758C	p.M253T	M	T	253
MAPK10	NM_138980	exon9	c.T644C	p.M215T	M	T	215
MAPK10	NM_138982	exon9	c.T758C	p.M253T	M	T	253
MAPK10	NM_001318067	exon6	c.G547T	p.A183S	A	S	183
MAPK10	NM_001318068	exon6	c.G112T	p.A38S	A	S	38
MAPK10	NM_001351624	exon7	c.G433T	p.A145S	A	S	145
MAPK10	NM_001351625	exon7	c.G433T	p.A145S	A	S	145
MAPK10	NM_002753	exon7	c.G547T	p.A183S	A	S	183
MAPK10	NM_138980	exon7	c.G433T	p.A145S	A	S	145
MAPK10	NM_138982	exon7	c.G547T	p.A183S	A	S	183
CDKL3	NM_001349366	exon8	c.C857T	p.S286F	S	F	286
CDKL3	NM_001349364	exon9	c.C857T	p.S286F	S	F	286
CDKL3	NM_001349365	exon9	c.C857T	p.S286F	S	F	286
CDKL3	NM_001349363	exon10	c.C1175T	p.S392F	S	F	392
CDKL3	NM_001349366	exon6	c.G691A	p.E231K	E	K	231
CDKL3	NM_001349364	exon7	c.G691A	p.E231K	E	K	231
CDKL3	NM_001349365	exon7	c.G691A	p.E231K	E	K	231
CDKL3	NM_001349363	exon8	c.G1009A	p.E337K	E	K	337
CDKL3	NM_001300853	exon10	c.G1009A	p.E337K	E	K	337
CDKL3	NM_001113575	exon11	c.G1576A	p.E526K	E	K	526
CDKL3	NM_001349366	exon5	c.A547G	p.R183G	R	G	183
CDKL3	NM_001349364	exon6	c.A547G	p.R183G	R	G	183
CDKL3	NM_001349365	exon6	c.A547G	p.R183G	R	G	183
CDKL3	NM_001349363	exon7	c.A865G	p.R289G	R	G	289
CDKL3	NM_001300853	exon9	c.A865G	p.R289G	R	G	289
CDKL3	NM_001113575	exon10	c.A1432G	p.R478G	R	G	478
CDKL3	NM_001349366	exon4	c.A277G	p.N93D	N	D	93
CDKL3	NM_001349364	exon5	c.A277G	p.N93D	N	D	93
CDKL3	NM_001349365	exon5	c.A277G	p.N93D	N	D	93
CDKL3	NM_001349363	exon6	c.A595G	p.N199D	N	D	199
CDKL3	NM_001300853	exon8	c.A595G	p.N199D	N	D	199
CDKL3	NM_001113575	exon9	c.A1162G	p.N388D	N	D	388
CDKL3	NM_016508	exon9	c.A1162G	p.N388D	N	D	388
CDKL3	NM_001349366	exon4	c.T226G	p.S76A	S	A	76
CDKL3	NM_001349364	exon5	c.T226G	p.S76A	S	A	76
CDKL3	NM_001349365	exon5	c.T226G	p.S76A	S	A	76
CDKL3	NM_001349363	exon6	c.T544G	p.S182A	S	A	182
CDKL3	NM_001300853	exon8	c.T544G	p.S182A	S	A	182
CDKL3	NM_001113575	exon9	c.T1111G	p.S371A	S	A	371
CDKL3	NM_016508	exon9	c.T1111G	p.S371A	S	A	371
CDKL3	NM_001349363	exon4	c.A265G	p.S89G	S	G	89
CDKL3	NM_001300853	exon6	c.A265G	p.S89G	S	G	89
CDKL3	NM_001113575	exon7	c.A832G	p.S278G	S	G	278
CDKL3	NM_016508	exon7	c.A832G	p.S278G	S	G	278
CDKL3	NM_001113575	exon4	c.G385A	p.E129K	E	K	129
CDKL3	NM_016508	exon4	c.G385A	p.E129K	E	K	129
CDKL3	NM_001113575	exon2	c.A122G	p.Q41R	Q	R	41
CDKL3	NM_016508	exon2	c.A122G	p.Q41R	Q	R	41
CDKL3	NM_001113575	exon2	c.A65T	p.K22I	K	I	22
CDKL3	NM_016508	exon2	c.A65T	p.K22I	K	I	22
GRK6	NM_001004105	exon2	c.A115G	p.I39V	I	V	39
GRK6	NM_001004106	exon2	c.A115G	p.I39V	I	V	39
GRK6	NM_002082	exon2	c.A115G	p.I39V	I	V	39
GRK6	NM_001004105	exon3	c.C224T	p.P75L	P	L	75
GRK6	NM_001004106	exon3	c.C224T	p.P75L	P	L	75
GRK6	NM_002082	exon3	c.C224T	p.P75L	P	L	75
GRK6	NM_001004105	exon11	c.G1000A	p.V334M	V	M	334
GRK6	NM_001004106	exon11	c.G1000A	p.V334M	V	M	334
GRK6	NM_002082	exon11	c.G1000A	p.V334M	V	M	334
GRK6	NM_001004105	exon12	c.G1228A	p.E410K	E	K	410
GRK6	NM_001004106	exon12	c.G1228A	p.E410K	E	K	410
GRK6	NM_002082	exon12	c.G1228A	p.E410K	E	K	410
GRK6	NM_001004105	exon13	c.G1319A	p.R440H	R	H	440
GRK6	NM_001004106	exon13	c.G1319A	p.R440H	R	H	440
GRK6	NM_002082	exon13	c.G1319A	p.R440H	R	H	440
GRK6	NM_001004105	exon13	c.G1330A	p.E444K	E	K	444
GRK6	NM_001004106	exon13	c.G1330A	p.E444K	E	K	444
GRK6	NM_002082	exon13	c.G1330A	p.E444K	E	K	444
GRK6	NM_002082	exon16	c.A1691C	p.E564A	E	A	564
GRK6	NM_001004106	exon16	c.G1703T	p.S568I	S	I	568
GRK6	NM_002082	exon16	c.G1705T	p.A569S	A	S	569
FLT4	NM_182925	exon30	c.C4042T	p.H1348Y	H	Y	1348
FLT4	NM_182925	exon30	c.G4036A	p.E1346K	E	K	1346
FLT4	NM_182925	exon30	c.G4013A	p.G1338E	G	E	1338
FLT4	NM_182925	exon30	c.G4006A	p.E1336K	E	K	1336
FLT4	NM_182925	exon30	c.G3971T	p.R1324L	R	L	1324
FLT4	NM_182925	exon30	c.G3962A	p.R1321Q	R	Q	1321
FLT4	NM_182925	exon30	c.C3958T	p.R1320W	R	W	1320
FLT4	NM_182925	exon30	c.G3908C	p.G1303A	G	A	1303
FLT4	NM_002020	exon29	c.G3886A	p.G1296S	G	S	1296
FLT4	NM_182925	exon29	c.G3886A	p.G1296S	G	S	1296
FLT4	NM_002020	exon28	c.G3716A	p.C1239Y	C	Y	1239
FLT4	NM_182925	exon28	c.G3716A	p.C1239Y	C	Y	1239
FLT4	NM_002020	exon27	c.C3653T	p.P1218L	P	L	1218
FLT4	NM_182925	exon27	c.C3653T	p.P1218L	P	L	1218
FLT4	NM_002020	exon27	c.A3647G	p.D1216G	D	G	1216
FLT4	NM_182925	exon27	c.A3647G	p.D1216G	D	G	1216
FLT4	NM_002020	exon27	c.C3641T	p.A1214V	A	V	1214
FLT4	NM_182925	exon27	c.C3641T	p.A1214V	A	V	1214
FLT4	NM_002020	exon26	c.G3460A	p.G1154R	G	R	1154
FLT4	NM_182925	exon26	c.G3460A	p.G1154R	G	R	1154
FLT4	NM_002020	exon26	c.G3437A	p.R1146H	R	H	1146
FLT4	NM_182925	exon26	c.G3437A	p.R1146H	R	H	1146
FLT4	NM_002020	exon21	c.C2984T	p.A995V	A	V	995
FLT4	NM_182925	exon21	c.C2984T	p.A995V	A	V	995
FLT4	NM_002020	exon21	c.G2912A	p.R971Q	R	Q	971
FLT4	NM_182925	exon21	c.G2912A	p.R971Q	R	Q	971
FLT4	NM_002020	exon21	c.A2909T	p.D970V	D	V	970
FLT4	NM_182925	exon21	c.A2909T	p.D970V	D	V	970
FLT4	NM_002020	exon21	c.C2860T	p.P954S	P	S	954
FLT4	NM_182925	exon21	c.C2860T	p.P954S	P	S	954
FLT4	NM_002020	exon19	c.C2670G	p.H890Q	H	Q	890
FLT4	NM_182925	exon19	c.C2670G	p.H890Q	H	Q	890
FLT4	NM_002020	exon18	c.G2546A	p.R849K	R	K	849
FLT4	NM_182925	exon18	c.G2546A	p.R849K	R	K	849
FLT4	NM_002020	exon17	c.G2500A	p.D834N	D	N	834
FLT4	NM_182925	exon17	c.G2500A	p.D834N	D	N	834
FLT4	NM_002020	exon17	c.T2438G	p.L813R	L	R	813
FLT4	NM_182925	exon17	c.T2438G	p.L813R	L	R	813
FLT4	NM_002020	exon16	c.G2318T	p.S773I	S	I	773
FLT4	NM_182925	exon16	c.G2318T	p.S773I	S	I	773
FLT4	NM_002020	exon15	c.A2219T	p.E740V	E	V	740
FLT4	NM_182925	exon15	c.A2219T	p.E740V	E	V	740
FLT4	NM_002020	exon13	c.C1921T	p.P641S	P	S	641
FLT4	NM_182925	exon13	c.C1921T	p.P641S	P	S	641
FLT4	NM_002020	exon13	c.G1756A	p.E586K	E	K	586
FLT4	NM_182925	exon13	c.G1756A	p.E586K	E	K	586
FLT4	NM_002020	exon13	c.G1741A	p.D581N	D	N	581
FLT4	NM_182925	exon13	c.G1741A	p.D581N	D	N	581
FLT4	NM_002020	exon11	c.A1480G	p.T494A	T	A	494
FLT4	NM_182925	exon11	c.A1480G	p.T494A	T	A	494
FLT4	NM_002020	exon9	c.G1229A	p.R410H	R	H	410
FLT4	NM_182925	exon9	c.G1229A	p.R410H	R	H	410
FLT4	NM_002020	exon9	c.G1133A	p.R378H	R	H	378
FLT4	NM_182925	exon9	c.G1133A	p.R378H	R	H	378
FLT4	NM_002020	exon9	c.C1132T	p.R378C	R	C	378
FLT4	NM_182925	exon9	c.C1132T	p.R378C	R	C	378
FLT4	NM_002020	exon8	c.G1054A	p.V352M	V	M	352
FLT4	NM_182925	exon8	c.G1054A	p.V352M	V	M	352
FLT4	NM_002020	exon7	c.A880G	p.I294V	I	V	294
FLT4	NM_182925	exon7	c.A880G	p.I294V	I	V	294
FLT4	NM_002020	exon7	c.A854T	p.Q285L	Q	L	285
FLT4	NM_182925	exon7	c.A854T	p.Q285L	Q	L	285
FLT4	NM_002020	exon6	c.A680G	p.N227S	N	S	227
FLT4	NM_182925	exon6	c.A680G	p.N227S	N	S	227
FLT4	NM_002020	exon4	c.C475G	p.L159V	L	V	159
FLT4	NM_182925	exon4	c.C475G	p.L159V	L	V	159
FLT4	NM_002020	exon4	c.G449A	p.R150K	R	K	150
FLT4	NM_182925	exon4	c.G449A	p.R150K	R	K	150
FLT4	NM_002020	exon4	c.A445G	p.N149D	N	D	149
FLT4	NM_182925	exon4	c.A445G	p.N149D	N	D	149
FLT4	NM_002020	exon3	c.G376A	p.A126T	A	T	126
FLT4	NM_182925	exon3	c.G376A	p.A126T	A	T	126
FLT4	NM_002020	exon3	c.A299C	p.E100A	E	A	100
FLT4	NM_182925	exon3	c.A299C	p.E100A	E	A	100
FLT4	NM_002020	exon3	c.G226A	p.E76K	E	K	76
FLT4	NM_182925	exon3	c.G226A	p.E76K	E	K	76
MYLK4	NM_001012418	exon11	c.A1061G	p.E354G	E	G	354
MYLK4	NM_001347872	exon11	c.A1229G	p.E410G	E	G	410
MYLK4	NM_001012418	exon11	c.A1048G	p.I350V	I	V	350
MYLK4	NM_001347872	exon11	c.A1216G	p.I406V	I	V	406
MYLK4	NM_001012418	exon10	c.G953A	p.C318Y	C	Y	318
MYLK4	NM_001347872	exon10	c.G1121A	p.C374Y	C	Y	374
MYLK4	NM_001012418	exon10	c.C932T	p.T311M	T	M	311
MYLK4	NM_001347872	exon10	c.C1100T	p.T367M	T	M	367
MYLK4	NM_001012418	exon10	c.A919G	p.N307D	N	D	307
MYLK4	NM_001347872	exon10	c.A1087G	p.N363D	N	D	363
MYLK4	NM_001012418	exon10	c.T899C	p.L300S	L	S	300
MYLK4	NM_001347872	exon10	c.T1067C	p.L356S	L	S	356
MYLK4	NM_001012418	exon9	c.A773C	p.E258A	E	A	258
MYLK4	NM_001347872	exon9	c.A941C	p.E314A	E	A	314
MYLK4	NM_001012418	exon7	c.C604A	p.L202I	L	I	202
MYLK4	NM_001347872	exon7	c.C772A	p.L258I	L	I	258
MYLK4	NM_001012418	exon6	c.G481A	p.A161T	A	T	161
MYLK4	NM_001347872	exon6	c.G649A	p.A217T	A	T	217
MYLK4	NM_001012418	exon6	c.G475T	p.D159Y	D	Y	159
MYLK4	NM_001347872	exon6	c.G643T	p.D215Y	D	Y	215
MYLK4	NM_001012418	exon6	c.C468A	p.N156K	N	K	156
MYLK4	NM_001347872	exon6	c.C636A	p.N212K	N	K	212
MYLK4	NM_001012418	exon6	c.A454G	p.I152V	I	V	152
MYLK4	NM_001347872	exon6	c.A622G	p.I208V	I	V	208
MYLK4	NM_001012418	exon5	c.G385A	p.G129S	G	S	129
MYLK4	NM_001347872	exon5	c.G553A	p.G185S	G	S	185
MYLK4	NM_001012418	exon5	c.C377T	p.T126M	T	M	126
MYLK4	NM_001347872	exon5	c.C545T	p.T182M	T	M	182
MYLK4	NM_001012418	exon2	c.G148A	p.G50R	G	R	50
MYLK4	NM_001347872	exon2	c.G316A	p.G106R	G	R	106
MYLK4	NM_001012418	exon2	c.C51G	p.N17K	N	K	17
MYLK4	NM_001347872	exon2	c.C219G	p.N73K	N	K	73
MYLK4	NM_001012418	exon2	c.G38A	p.C13Y	C	Y	13
MYLK4	NM_001347872	exon2	c.G206A	p.C69Y	C	Y	69
MYLK4	NM_001347872	exon2	c.C161T	p.T54I	T	I	54
MYLK4	NM_001347872	exon2	c.A66C	p.K22N	K	N	22
GCK	NM_000162	exon9	c.G1118C	p.S373T	S	T	373
GCK	NM_033507	exon9	c.G1121C	p.S374T	S	T	374
GCK	NM_033508	exon10	c.G1115C	p.S372T	S	T	372
GCK	NM_033507	exon1	c.C44T	p.T15I	T	I	15
MET	NM_000245	exon2	c.T110C	p.V37A	V	A	37
MET	NM_001127500	exon2	c.T110C	p.V37A	V	A	37
MET	NM_001324401	exon2	c.T110C	p.V37A	V	A	37
MET	NM_000245	exon2	c.G535A	p.A179T	A	T	179
MET	NM_001127500	exon2	c.G535A	p.A179T	A	T	179
MET	NM_001324401	exon2	c.G535A	p.A179T	A	T	179
MET	NM_000245	exon2	c.T632G	p.L211W	L	W	211
MET	NM_001127500	exon2	c.T632G	p.L211W	L	W	211
MET	NM_001324401	exon2	c.T632G	p.L211W	L	W	211
MET	NM_000245	exon2	c.T713C	p.L238S	L	S	238
MET	NM_001127500	exon2	c.T713C	p.L238S	L	S	238
MET	NM_001324401	exon2	c.T713C	p.L238S	L	S	238
MET	NM_000245	exon2	c.C855A	p.N285K	N	K	285
MET	NM_001127500	exon2	c.C855A	p.N285K	N	K	285
MET	NM_001324401	exon2	c.C855A	p.N285K	N	K	285
MET	NM_000245	exon2	c.G1063C	p.E355Q	E	Q	355
MET	NM_001127500	exon2	c.G1063C	p.E355Q	E	Q	355
MET	NM_001324401	exon2	c.G1063C	p.E355Q	E	Q	355
MET	NM_000245	exon2	c.A1124G	p.N375S	N	S	375
MET	NM_001127500	exon2	c.A1124G	p.N375S	N	S	375
MET	NM_001324401	exon2	c.A1124G	p.N375S	N	S	375
MET	NM_001324402	exon2	c.A1G	p.M1V	M	V	1
MET	NM_000245	exon3	c.A1291G	p.M431V	M	V	431
MET	NM_001127500	exon3	c.A1291G	p.M431V	M	V	431
MET	NM_001324401	exon3	c.A1291G	p.M431V	M	V	431
MET	NM_001324402	exon2	c.G14A	p.S5N	S	N	5
MET	NM_000245	exon3	c.G1304A	p.S435N	S	N	435
MET	NM_001127500	exon3	c.G1304A	p.S435N	S	N	435
MET	NM_001324401	exon3	c.G1304A	p.S435N	S	N	435
MET	NM_001324402	exon4	c.G350A	p.R117Q	R	Q	117
MET	NM_000245	exon5	c.G1640A	p.R547Q	R	Q	547
MET	NM_001127500	exon5	c.G1640A	p.R547Q	R	Q	547
MET	NM_001324401	exon5	c.G1640A	p.R547Q	R	Q	547
MET	NM_001324402	exon4	c.A403G	p.I135V	I	V	135
MET	NM_000245	exon5	c.A1693G	p.I565V	I	V	565
MET	NM_001127500	exon5	c.A1693G	p.I565V	I	V	565
MET	NM_001324401	exon5	c.A1693G	p.I565V	I	V	565
MET	NM_001324402	exon6	c.G606T	p.K202N	K	N	202
MET	NM_000245	exon7	c.G1896T	p.K632N	K	N	632
MET	NM_001127500	exon7	c.G1896T	p.K632N	K	N	632
MET	NM_001324401	exon7	c.G1896T	p.K632N	K	N	632
MET	NM_001324402	exon8	c.G926A	p.R309H	R	H	309
MET	NM_000245	exon9	c.G2216A	p.R739H	R	H	739
MET	NM_001127500	exon9	c.G2216A	p.R739H	R	H	739
MET	NM_001324401	exon9	c.G2216A	p.R739H	R	H	739
MET	NM_001324402	exon9	c.A1049G	p.H350R	H	R	350
MET	NM_000245	exon10	c.A2339G	p.H780R	H	R	780
MET	NM_001127500	exon10	c.A2393G	p.H798R	H	R	798
MET	NM_001324401	exon10	c.A2339G	p.H780R	H	R	780
MET	NM_001324402	exon10	c.C1144G	p.Q382E	Q	E	382
MET	NM_000245	exon11	c.C2434G	p.Q812E	Q	E	812
MET	NM_001127500	exon11	c.C2488G	p.Q830E	Q	E	830
MET	NM_001324401	exon11	c.C2434G	p.Q812E	Q	E	812
MET	NM_001324402	exon11	c.T1387A	p.L463I	L	I	463
MET	NM_000245	exon12	c.T2677A	p.L893I	L	I	893
MET	NM_001127500	exon12	c.T2731A	p.L911I	L	I	911
MET	NM_001324401	exon12	c.T2677A	p.L893I	L	I	893
MET	NM_001324402	exon12	c.G1465A	p.V489I	V	I	489
MET	NM_000245	exon13	c.G2755A	p.V919I	V	I	919
MET	NM_001127500	exon13	c.G2809A	p.V937I	V	I	937
MET	NM_001324402	exon13	c.C1685T	p.T562I	T	I	562
MET	NM_000245	exon14	c.C2975T	p.T992I	T	I	992
MET	NM_001127500	exon14	c.C3029T	p.T1010I	T	I	1010
MET	NM_001324402	exon14	c.T1753G	p.S585A	S	A	585
MET	NM_000245	exon15	c.T3043G	p.S1015A	S	A	1015
MET	NM_001127500	exon15	c.T3097G	p.S1033A	S	A	1033
MET	NM_001324402	exon14	c.G1775A	p.R592Q	R	Q	592
MET	NM_000245	exon15	c.G3065A	p.R1022Q	R	Q	1022
MET	NM_001127500	exon15	c.G3119A	p.R1040Q	R	Q	1040
MET	NM_001324402	exon14	c.A1867G	p.I623V	I	V	623
MET	NM_000245	exon15	c.A3157G	p.I1053V	I	V	1053
MET	NM_001127500	exon15	c.A3211G	p.I1071V	I	V	1071
MET	NM_001324402	exon14	c.C1927T	p.P643S	P	S	643
MET	NM_000245	exon15	c.C3217T	p.P1073S	P	S	1073
MET	NM_001127500	exon15	c.C3271T	p.P1091S	P	S	1091
MET	NM_001324402	exon14	c.G1954C	p.E652Q	E	Q	652
MET	NM_000245	exon15	c.G3244C	p.E1082Q	E	Q	1082
MET	NM_001127500	exon15	c.G3298C	p.E1100Q	E	Q	1100
MET	NM_001324402	exon15	c.A1988T	p.Y663F	Y	F	663
MET	NM_000245	exon16	c.A3278T	p.Y1093F	Y	F	1093
MET	NM_001127500	exon16	c.A3332T	p.Y1111F	Y	F	1111
MET	NM_001324402	exon15	c.A2006G	p.D669G	D	G	669
MET	NM_000245	exon16	c.A3296G	p.D1099G	D	G	1099
MET	NM_001127500	exon16	c.A3350G	p.D1117G	D	G	1117
MET	NM_001324402	exon20	c.G2797A	p.A933T	A	T	933
MET	NM_000245	exon21	c.G4087A	p.A1363T	A	T	1363
MET	NM_001127500	exon21	c.G4141A	p.A1381T	A	T	1381
MET	NM_001324402	exon20	c.A2828G	p.D943G	D	G	943
MET	NM_000245	exon21	c.A4118G	p.D1373G	D	G	1373
MET	NM_001127500	exon21	c.A4172G	p.D1391G	D	G	1391
WEE2	NM_001105558	exon1	c.G4C	p.D2H	D	H	2
WEE2	NM_001105558	exon1	c.T29A	p.L10Q	L	Q	10
WEE2	NM_001105558	exon1	c.A125C	p.E42A	E	A	42
WEE2	NM_001105558	exon1	c.G187A	p.V63M	V	M	63
WEE2	NM_001105558	exon1	c.A220G	p.K74E	K	E	74
WEE2	NM_001105558	exon2	c.C355T	p.R119W	R	W	119
WEE2	NM_001105558	exon2	c.C424T	p.P142S	P	S	142
WEE2	NM_001105558	exon2	c.A491C	p.K164T	K	T	164
WEE2	NM_001105558	exon3	c.C577G	p.P193A	P	A	193
WEE2	NM_001105558	exon4	c.G725A	p.R242H	R	H	242
WEE2	NM_001105558	exon5	c.A853G	p.M285V	M	V	285
WEE2	NM_001105558	exon6	c.C940T	p.P314S	P	S	314
WEE2	NM_001105558	exon6	c.T968C	p.I323T	I	T	323
WEE2	NM_001105558	exon7	c.T1076C	p.I359T	I	T	359
WEE2	NM_001105558	exon7	c.C1108T	p.L370F	L	F	370
WEE2	NM_001105558	exon8	c.T1160C	p.I387T	I	T	387
WEE2	NM_001105558	exon9	c.C1228T	p.R410W	R	W	410
WEE2	NM_001105558	exon9	c.T1250C	p.I417T	I	T	417
WEE2	NM_001105558	exon10	c.C1451T	p.T484I	T	I	484
WEE2	NM_001105558	exon11	c.T1576G	p.Y526D	Y	D	526
WEE2	NM_001105558	exon12	c.C1687T	p.R563C	R	C	563
WEE2	NM_001105558	exon12	c.G1688A	p.R563H	R	H	563
PTK2B	NM_173175	exon2	c.G16A	p.E6K	E	K	6
PTK2B	NM_173176	exon2	c.G16A	p.E6K	E	K	6
PTK2B	NM_004103	exon3	c.G16A	p.E6K	E	K	6
PTK2B	NM_173174	exon7	c.G16A	p.E6K	E	K	6
PTK2B	NM_173175	exon2	c.C52T	p.R18W	R	W	18
PTK2B	NM_173176	exon2	c.C52T	p.R18W	R	W	18
PTK2B	NM_004103	exon3	c.C52T	p.R18W	R	W	18
PTK2B	NM_173174	exon7	c.C52T	p.R18W	R	W	18
PTK2B	NM_173175	exon2	c.C194T	p.T65M	T	M	65
PTK2B	NM_173176	exon2	c.C194T	p.T65M	T	M	65
PTK2B	NM_004103	exon3	c.C194T	p.T65M	T	M	65
PTK2B	NM_173174	exon7	c.C194T	p.T65M	T	M	65
PTK2B	NM_173175	exon3	c.A206T	p.E69V	E	V	69
PTK2B	NM_173176	exon3	c.A206T	p.E69V	E	V	69
PTK2B	NM_004103	exon4	c.A206T	p.E69V	E	V	69
PTK2B	NM_173174	exon8	c.A206T	p.E69V	E	V	69
PTK2B	NM_173175	exon3	c.C218A	p.S73Y	S	Y	73
PTK2B	NM_173176	exon3	c.C218A	p.S73Y	S	Y	73
PTK2B	NM_004103	exon4	c.C218A	p.S73Y	S	Y	73
PTK2B	NM_173174	exon8	c.C218A	p.S73Y	S	Y	73
PTK2B	NM_173175	exon3	c.A328G	p.T110A	T	A	110
PTK2B	NM_173176	exon3	c.A328G	p.T110A	T	A	110
PTK2B	NM_004103	exon4	c.A328G	p.T110A	T	A	110
PTK2B	NM_173174	exon8	c.A328G	p.T110A	T	A	110
PTK2B	NM_173175	exon3	c.G346T	p.D116Y	D	Y	116
PTK2B	NM_173176	exon3	c.G346T	p.D116Y	D	Y	116
PTK2B	NM_004103	exon4	c.G346T	p.D116Y	D	Y	116
PTK2B	NM_173174	exon8	c.G346T	p.D116Y	D	Y	116
PTK2B	NM_173175	exon5	c.G503A	p.S168N	S	N	168
PTK2B	NM_173176	exon5	c.G503A	p.S168N	S	N	168
PTK2B	NM_004103	exon6	c.G503A	p.S168N	S	N	168
PTK2B	NM_173174	exon10	c.G503A	p.S168N	S	N	168
PTK2B	NM_173175	exon8	c.C791A	p.T264N	T	N	264
PTK2B	NM_173176	exon8	c.C791A	p.T264N	T	N	264
PTK2B	NM_004103	exon9	c.C791A	p.T264N	T	N	264
PTK2B	NM_173174	exon13	c.C791A	p.T264N	T	N	264
PTK2B	NM_173175	exon10	c.A922C	p.I308L	I	L	308
PTK2B	NM_173176	exon10	c.A922C	p.I308L	I	L	308
PTK2B	NM_004103	exon11	c.A922C	p.I308L	I	L	308
PTK2B	NM_173174	exon15	c.A922C	p.I308L	I	L	308
PTK2B	NM_173175	exon10	c.G963T	p.Q321H	Q	H	321
PTK2B	NM_173176	exon10	c.G963T	p.Q321H	Q	H	321
PTK2B	NM_004103	exon11	c.G963T	p.Q321H	Q	H	321
PTK2B	NM_173174	exon15	c.G963T	p.Q321H	Q	H	321
PTK2B	NM_173175	exon11	c.C1075G	p.Q359E	Q	E	359
PTK2B	NM_173176	exon11	c.C1075G	p.Q359E	Q	E	359
PTK2B	NM_004103	exon12	c.C1075G	p.Q359E	Q	E	359
PTK2B	NM_173174	exon16	c.C1075G	p.Q359E	Q	E	359
PTK2B	NM_173175	exon14	c.G1240A	p.G414R	G	R	414
PTK2B	NM_173176	exon14	c.G1240A	p.G414R	G	R	414
PTK2B	NM_004103	exon15	c.G1240A	p.G414R	G	R	414
PTK2B	NM_173174	exon19	c.G1240A	p.G414R	G	R	414
PTK2B	NM_173175	exon14	c.G1241T	p.G414V	G	V	414
PTK2B	NM_173176	exon14	c.G1241T	p.G414V	G	V	414
PTK2B	NM_004103	exon15	c.G1241T	p.G414V	G	V	414
PTK2B	NM_173174	exon19	c.G1241T	p.G414V	G	V	414
PTK2B	NM_173175	exon17	c.C1441T	p.L481F	L	F	481
PTK2B	NM_173176	exon17	c.C1441T	p.L481F	L	F	481
PTK2B	NM_004103	exon18	c.C1441T	p.L481F	L	F	481
PTK2B	NM_173174	exon22	c.C1441T	p.L481F	L	F	481
PTK2B	NM_173175	exon18	c.G1636A	p.V546M	V	M	546
PTK2B	NM_173176	exon18	c.G1636A	p.V546M	V	M	546
PTK2B	NM_004103	exon19	c.G1636A	p.V546M	V	M	546
PTK2B	NM_173174	exon23	c.G1636A	p.V546M	V	M	546
PTK2B	NM_173175	exon22	c.G2041T	p.D681Y	D	Y	681
PTK2B	NM_173176	exon22	c.G2041T	p.D681Y	D	Y	681
PTK2B	NM_004103	exon23	c.G2041T	p.D681Y	D	Y	681
PTK2B	NM_173174	exon27	c.G2041T	p.D681Y	D	Y	681
PTK2B	NM_173175	exon22	c.T2045C	p.V682A	V	A	682
PTK2B	NM_173176	exon22	c.T2045C	p.V682A	V	A	682
PTK2B	NM_004103	exon23	c.T2045C	p.V682A	V	A	682
PTK2B	NM_173174	exon27	c.T2045C	p.V682A	V	A	682
PTK2B	NM_173176	exon24	c.C2322G	p.F774L	F	L	774
PTK2B	NM_004103	exon25	c.C2322G	p.F774L	F	L	774
PTK2B	NM_173174	exon29	c.C2322G	p.F774L	F	L	774
PTK2B	NM_173176	exon24	c.G2339A	p.R780Q	R	Q	780
PTK2B	NM_004103	exon25	c.G2339A	p.R780Q	R	Q	780
PTK2B	NM_173174	exon29	c.G2339A	p.R780Q	R	Q	780
PTK2B	NM_173175	exon24	c.A2267C	p.E756A	E	A	756
PTK2B	NM_173176	exon25	c.A2393C	p.E798A	E	A	798
PTK2B	NM_004103	exon26	c.A2393C	p.E798A	E	A	798
PTK2B	NM_173174	exon30	c.A2393C	p.E798A	E	A	798
PTK2B	NM_173175	exon24	c.G2347A	p.E783K	E	K	783
PTK2B	NM_173176	exon25	c.G2473A	p.E825K	E	K	825
PTK2B	NM_004103	exon26	c.G2473A	p.E825K	E	K	825
PTK2B	NM_173174	exon30	c.G2473A	p.E825K	E	K	825
PTK2B	NM_173175	exon25	c.A2387C	p.K796T	K	T	796
PTK2B	NM_173176	exon26	c.A2513C	p.K838T	K	T	838
PTK2B	NM_004103	exon27	c.A2513C	p.K838T	K	T	838
PTK2B	NM_173174	exon31	c.A2513C	p.K838T	K	T	838
PTK2B	NM_173175	exon27	c.C2452T	p.P818S	P	S	818
PTK2B	NM_173176	exon28	c.C2578T	p.P860S	P	S	860
PTK2B	NM_004103	exon29	c.C2578T	p.P860S	P	S	860
PTK2B	NM_173174	exon33	c.C2578T	p.P860S	P	S	860
PTK2B	NM_173175	exon30	c.G2747A	p.R916Q	R	Q	916
PTK2B	NM_173176	exon31	c.G2873A	p.R958Q	R	Q	958
PTK2B	NM_004103	exon32	c.G2873A	p.R958Q	R	Q	958
PTK2B	NM_173174	exon36	c.G2873A	p.R958Q	R	Q	958
SGK3	NM_001033578	exon2	c.A14G	p.H5R	H	R	5
SGK3	NM_013257	exon2	c.A14G	p.H5R	H	R	5
SGK3	NM_170709	exon2	c.A14G	p.H5R	H	R	5
C8orf44-SGK3	NM_001204173	exon4	c.A14G	p.H5R	H	R	5
SGK3	NM_001033578	exon2	c.G64A	p.D22N	D	N	22
SGK3	NM_013257	exon2	c.G64A	p.D22N	D	N	22
SGK3	NM_170709	exon2	c.G64A	p.D22N	D	N	22
C8orf44-SGK3	NM_001204173	exon4	c.G64A	p.D22N	D	N	22
SGK3	NM_001033578	exon6	c.T330G	p.H110Q	H	Q	110
SGK3	NM_013257	exon6	c.T330G	p.H110Q	H	Q	110
SGK3	NM_170709	exon6	c.T330G	p.H110Q	H	Q	110
C8orf44-SGK3	NM_001204173	exon8	c.T330G	p.H110Q	H	Q	110
SGK3	NM_001033578	exon14	c.A980G	p.Y327C	Y	C	327
SGK3	NM_013257	exon14	c.A980G	p.Y327C	Y	C	327
C8orf44-SGK3	NM_001204173	exon16	c.A980G	p.Y327C	Y	C	327
SGK3	NM_001033578	exon14	c.C988A	p.P330T	P	T	330
SGK3	NM_013257	exon14	c.C988A	p.P330T	P	T	330
C8orf44-SGK3	NM_001204173	exon16	c.C988A	p.P330T	P	T	330
WNK1	NM_001184985	exon1	c.G145A	p.G49S	G	S	49
WNK1	NM_014823	exon1	c.G145A	p.G49S	G	S	49
WNK1	NM_018979	exon1	c.G145A	p.G49S	G	S	49
WNK1	NM_213655	exon1	c.G145A	p.G49S	G	S	49
WNK1	NM_001184985	exon1	c.C335T	p.P112L	P	L	112
WNK1	NM_014823	exon1	c.C335T	p.P112L	P	L	112
WNK1	NM_018979	exon1	c.C335T	p.P112L	P	L	112
WNK1	NM_213655	exon1	c.C335T	p.P112L	P	L	112
WNK1	NM_001184985	exon1	c.G341T	p.S114I	S	I	114
WNK1	NM_014823	exon1	c.G341T	p.S114I	S	I	114
WNK1	NM_018979	exon1	c.G341T	p.S114I	S	I	114
WNK1	NM_213655	exon1	c.G341T	p.S114I	S	I	114
WNK1	NM_001184985	exon1	c.G421A	p.A141T	A	T	141
WNK1	NM_014823	exon1	c.G421A	p.A141T	A	T	141
WNK1	NM_018979	exon1	c.G421A	p.A141T	A	T	141
WNK1	NM_213655	exon1	c.G421A	p.A141T	A	T	141
WNK1	NM_001184985	exon1	c.C446T	p.A149V	A	V	149
WNK1	NM_014823	exon1	c.C446T	p.A149V	A	V	149
WNK1	NM_018979	exon1	c.C446T	p.A149V	A	V	149
WNK1	NM_213655	exon1	c.C446T	p.A149V	A	V	149
WNK1	NM_001184985	exon1	c.C648G	p.N216K	N	K	216
WNK1	NM_014823	exon1	c.C648G	p.N216K	N	K	216
WNK1	NM_018979	exon1	c.C648G	p.N216K	N	K	216
WNK1	NM_213655	exon1	c.C648G	p.N216K	N	K	216
WNK1	NM_001184985	exon5	c.C1384G	p.Q462E	Q	E	462
WNK1	NM_014823	exon5	c.C1384G	p.Q462E	Q	E	462
WNK1	NM_018979	exon5	c.C1384G	p.Q462E	Q	E	462
WNK1	NM_213655	exon5	c.C1384G	p.Q462E	Q	E	462
WNK1	NM_001184985	exon5	c.A1386T	p.Q462H	Q	H	462
WNK1	NM_014823	exon5	c.A1386T	p.Q462H	Q	H	462
WNK1	NM_018979	exon5	c.A1386T	p.Q462H	Q	H	462
WNK1	NM_213655	exon5	c.A1386T	p.Q462H	Q	H	462
WNK1	NM_001184985	exon7	c.A1699G	p.R567G	R	G	567
WNK1	NM_014823	exon7	c.A1699G	p.R567G	R	G	567
WNK1	NM_018979	exon7	c.A1699G	p.R567G	R	G	567
WNK1	NM_213655	exon7	c.A1699G	p.R567G	R	G	567
WNK1	NM_001184985	exon7	c.G1700T	p.R567M	R	M	567
WNK1	NM_014823	exon7	c.G1700T	p.R567M	R	M	567
WNK1	NM_018979	exon7	c.G1700T	p.R567M	R	M	567
WNK1	NM_213655	exon7	c.G1700T	p.R567M	R	M	567
WNK1	NM_001184985	exon7	c.G1701T	p.R567S	R	S	567
WNK1	NM_014823	exon7	c.G1701T	p.R567S	R	S	567
WNK1	NM_018979	exon7	c.G1701T	p.R567S	R	S	567
WNK1	NM_213655	exon7	c.G1701T	p.R567S	R	S	567
WNK1	NM_001184985	exon7	c.C1820A	p.P607H	P	H	607
WNK1	NM_014823	exon7	c.C1820A	p.P607H	P	H	607
WNK1	NM_018979	exon7	c.C1820A	p.P607H	P	H	607
WNK1	NM_213655	exon7	c.C1820A	p.P607H	P	H	607
WNK1	NM_001184985	exon7	c.G1825A	p.A609T	A	T	609
WNK1	NM_014823	exon7	c.G1825A	p.A609T	A	T	609
WNK1	NM_018979	exon7	c.G1825A	p.A609T	A	T	609
WNK1	NM_213655	exon7	c.G1825A	p.A609T	A	T	609
WNK1	NM_001184985	exon8	c.T1964C	p.V655A	V	A	655
WNK1	NM_014823	exon8	c.T1964C	p.V655A	V	A	655
WNK1	NM_018979	exon8	c.T1964C	p.V655A	V	A	655
WNK1	NM_213655	exon8	c.T1964C	p.V655A	V	A	655
WNK1	NM_001184985	exon8	c.C1994T	p.T665I	T	I	665
WNK1	NM_014823	exon8	c.C1994T	p.T665I	T	I	665
WNK1	NM_018979	exon8	c.C1994T	p.T665I	T	I	665
WNK1	NM_213655	exon8	c.C1994T	p.T665I	T	I	665
WNK1	NM_213655	exon9	c.G2190C	p.L730F	L	F	730
WNK1	NM_213655	exon9	c.C2228T	p.P743L	P	L	743
WNK1	NM_213655	exon9	c.A2248G	p.T750A	T	A	750
WNK1	NM_213655	exon9	c.C2302G	p.L768V	L	V	768
WNK1	NM_213655	exon9	c.G2341A	p.A781T	A	T	781
WNK1	NM_213655	exon9	c.C2362T	p.R788C	R	C	788
WNK1	NM_213655	exon9	c.G2363A	p.R788H	R	H	788
WNK1	NM_001184985	exon9	c.C2153T	p.A718V	A	V	718
WNK1	NM_213655	exon10	c.C2408T	p.A803V	A	V	803
WNK1	NM_001184985	exon9	c.G2395A	p.V799I	V	I	799
WNK1	NM_213655	exon10	c.G2650A	p.V884I	V	I	884
WNK1	NM_001184985	exon9	c.T2507C	p.V836A	V	A	836
WNK1	NM_213655	exon10	c.T2762C	p.V921A	V	A	921
WNK1	NM_001184985	exon9	c.C2718G	p.F906L	F	L	906
WNK1	NM_213655	exon10	c.C2973G	p.F991L	F	L	991
WNK1	NM_001184985	exon9	c.C2765T	p.P922L	P	L	922
WNK1	NM_213655	exon10	c.C3020T	p.P1007L	P	L	1007
WNK1	NM_001184985	exon9	c.G2816A	p.R939H	R	H	939
WNK1	NM_213655	exon10	c.G3071A	p.R1024H	R	H	1024
WNK1	NM_014823	exon9	c.A2206G	p.I736V	I	V	736
WNK1	NM_018979	exon9	c.A2206G	p.I736V	I	V	736
WNK1	NM_001184985	exon10	c.A3445G	p.I1149V	I	V	1149
WNK1	NM_213655	exon11	c.A3700G	p.I1234V	I	V	1234
WNK1	NM_018979	exon11	c.C2422T	p.P808S	P	S	808
WNK1	NM_018979	exon11	c.C2519T	p.P840L	P	L	840
WNK1	NM_018979	exon11	c.C2545T	p.P849S	P	S	849
WNK1	NM_001184985	exon12	c.G3647C	p.G1216A	G	A	1216
WNK1	NM_018979	exon12	c.G2867C	p.G956A	G	A	956
WNK1	NM_001184985	exon12	c.A3879C	p.Q1293H	Q	H	1293
WNK1	NM_018979	exon12	c.A3099C	p.Q1033H	Q	H	1033
WNK1	NM_014823	exon11	c.G2392T	p.V798F	V	F	798
WNK1	NM_001184985	exon13	c.G3913T	p.V1305F	V	F	1305
WNK1	NM_018979	exon13	c.G3133T	p.V1045F	V	F	1045
WNK1	NM_213655	exon13	c.G3889T	p.V1297F	V	F	1297
WNK1	NM_014823	exon11	c.A2425C	p.T809P	T	P	809
WNK1	NM_001184985	exon13	c.A3946C	p.T1316P	T	P	1316
WNK1	NM_018979	exon13	c.A3166C	p.T1056P	T	P	1056
WNK1	NM_213655	exon13	c.A3922C	p.T1308P	T	P	1308
WNK1	NM_014823	exon12	c.A2533G	p.R845G	R	G	845
WNK1	NM_001184985	exon14	c.A4054G	p.R1352G	R	G	1352
WNK1	NM_018979	exon14	c.A3274G	p.R1092G	R	G	1092
WNK1	NM_213655	exon14	c.A4030G	p.R1344G	R	G	1344
WNK1	NM_014823	exon14	c.G2837A	p.S946N	S	N	946
WNK1	NM_001184985	exon16	c.G4358A	p.S1453N	S	N	1453
WNK1	NM_018979	exon16	c.G3578A	p.S1193N	S	N	1193
WNK1	NM_213655	exon16	c.G4334A	p.S1445N	S	N	1445
WNK1	NM_014823	exon15	c.G2928C	p.L976F	L	F	976
WNK1	NM_001184985	exon17	c.G4449C	p.L1483F	L	F	1483
WNK1	NM_018979	exon17	c.G3669C	p.L1223F	L	F	1223
WNK1	NM_213655	exon17	c.G4425C	p.L1475F	L	F	1475
WNK1	NM_014823	exon16	c.G3065A	p.R1022Q	R	Q	1022
WNK1	NM_001184985	exon18	c.G4586A	p.R1529Q	R	Q	1529
WNK1	NM_018979	exon18	c.G3806A	p.R1269Q	R	Q	1269
WNK1	NM_213655	exon18	c.G4562A	p.R1521Q	R	Q	1521
WNK1	NM_014823	exon17	c.A3186C	p.E1062D	E	D	1062
WNK1	NM_001184985	exon19	c.A4707C	p.E1569D	E	D	1569
WNK1	NM_018979	exon19	c.A3927C	p.E1309D	E	D	1309
WNK1	NM_213655	exon19	c.A4683C	p.E1561D	E	D	1561
WNK1	NM_014823	exon17	c.T3389A	p.V1130E	V	E	1130
WNK1	NM_001184985	exon19	c.T4910A	p.V1637E	V	E	1637
WNK1	NM_018979	exon19	c.T4130A	p.V1377E	V	E	1377
WNK1	NM_213655	exon19	c.T4886A	p.V1629E	V	E	1629
WNK1	NM_014823	exon17	c.G3517A	p.A1173T	A	T	1173
WNK1	NM_001184985	exon19	c.G5038A	p.A1680T	A	T	1680
WNK1	NM_018979	exon19	c.G4258A	p.A1420T	A	T	1420
WNK1	NM_213655	exon19	c.G5014A	p.A1672T	A	T	1672
WNK1	NM_014823	exon17	c.A3613G	p.T1205A	T	A	1205
WNK1	NM_001184985	exon19	c.A5134G	p.T1712A	T	A	1712
WNK1	NM_018979	exon19	c.A4354G	p.T1452A	T	A	1452
WNK1	NM_213655	exon19	c.A5110G	p.T1704A	T	A	1704
WNK1	NM_014823	exon17	c.G3776C	p.C1259S	C	S	1259
WNK1	NM_001184985	exon19	c.G5297C	p.C1766S	C	S	1766
WNK1	NM_018979	exon19	c.G4517C	p.C1506S	C	S	1506
WNK1	NM_213655	exon19	c.G5273C	p.C1758S	C	S	1758
WNK1	NM_014823	exon17	c.G3791A	p.S1264N	S	N	1264
WNK1	NM_001184985	exon19	c.G5312A	p.S1771N	S	N	1771
WNK1	NM_018979	exon19	c.G4532A	p.S1511N	S	N	1511
WNK1	NM_213655	exon19	c.G5288A	p.S1763N	S	N	1763
WNK1	NM_014823	exon17	c.G3823A	p.V1275M	V	M	1275
WNK1	NM_001184985	exon19	c.G5344A	p.V1782M	V	M	1782
WNK1	NM_018979	exon19	c.G4564A	p.V1522M	V	M	1522
WNK1	NM_213655	exon19	c.G5320A	p.V1774M	V	M	1774
WNK1	NM_014823	exon17	c.A3839G	p.H1280R	H	R	1280
WNK1	NM_001184985	exon19	c.A5360G	p.H1787R	H	R	1787
WNK1	NM_018979	exon19	c.A4580G	p.H1527R	H	R	1527
WNK1	NM_213655	exon19	c.A5336G	p.H1779R	H	R	1779
WNK1	NM_014823	exon17	c.T3841A	p.S1281T	S	T	1281
WNK1	NM_001184985	exon19	c.T5362A	p.S1788T	S	T	1788
WNK1	NM_018979	exon19	c.T4582A	p.S1528T	S	T	1528
WNK1	NM_213655	exon19	c.T5338A	p.S1780T	S	T	1780
WNK1	NM_014823	exon17	c.G4195A	p.A1399T	A	T	1399
WNK1	NM_001184985	exon19	c.G5716A	p.A1906T	A	T	1906
WNK1	NM_018979	exon19	c.G4936A	p.A1646T	A	T	1646
WNK1	NM_213655	exon19	c.G5692A	p.A1898T	A	T	1898
WNK1	NM_014823	exon17	c.C4538T	p.P1513L	P	L	1513
WNK1	NM_001184985	exon19	c.C6059T	p.P2020L	P	L	2020
WNK1	NM_018979	exon19	c.C5279T	p.P1760L	P	L	1760
WNK1	NM_213655	exon19	c.C6035T	p.P2012L	P	L	2012
WNK1	NM_014823	exon18	c.T4601C	p.F1534S	F	S	1534
WNK1	NM_001184985	exon20	c.T6122C	p.F2041S	F	S	2041
WNK1	NM_018979	exon20	c.T5342C	p.F1781S	F	S	1781
WNK1	NM_213655	exon20	c.T6098C	p.F2033S	F	S	2033
WNK1	NM_014823	exon19	c.G4683T	p.M1561I	M	I	1561
WNK1	NM_001184985	exon21	c.G6204T	p.M2068I	M	I	2068
WNK1	NM_018979	exon21	c.G5424T	p.M1808I	M	I	1808
WNK1	NM_213655	exon21	c.G6180T	p.M2060I	M	I	2060
WNK1	NM_014823	exon20	c.C4727T	p.P1576L	P	L	1576
WNK1	NM_001184985	exon22	c.C6248T	p.P2083L	P	L	2083
WNK1	NM_018979	exon22	c.C5468T	p.P1823L	P	L	1823
WNK1	NM_213655	exon22	c.C6224T	p.P2075L	P	L	2075
WNK1	NM_014823	exon22	c.G4894T	p.A1632S	A	S	1632
WNK1	NM_001184985	exon24	c.G6418T	p.A2140S	A	S	2140
WNK1	NM_018979	exon24	c.G5638T	p.A1880S	A	S	1880
WNK1	NM_213655	exon24	c.G6394T	p.A2132S	A	S	2132
WNK1	NM_014823	exon22	c.C4895A	p.A1632E	A	E	1632
WNK1	NM_001184985	exon24	c.C6419A	p.A2140E	A	E	2140
WNK1	NM_018979	exon24	c.C5639A	p.A1880E	A	E	1880
WNK1	NM_213655	exon24	c.C6395A	p.A2132E	A	E	2132
WNK1	NM_014823	exon22	c.C5125T	p.R1709C	R	C	1709
WNK1	NM_001184985	exon24	c.C6649T	p.R2217C	R	C	2217
WNK1	NM_018979	exon24	c.C5869T	p.R1957C	R	C	1957
WNK1	NM_213655	exon24	c.C6625T	p.R2209C	R	C	2209
WNK1	NM_014823	exon22	c.C5288A	p.S1763Y	S	Y	1763
WNK1	NM_001184985	exon24	c.C6812A	p.S2271Y	S	Y	2271
WNK1	NM_018979	exon24	c.C6032A	p.S2011Y	S	Y	2011
WNK1	NM_213655	exon24	c.C6788A	p.S2263Y	S	Y	2263
WNK1	NM_014823	exon24	c.C5753T	p.T1918I	T	I	1918
WNK1	NM_001184985	exon26	c.C7277T	p.T2426I	T	I	2426
WNK1	NM_018979	exon26	c.C6497T	p.T2166I	T	I	2166
WNK1	NM_213655	exon26	c.C7253T	p.T2418I	T	I	2418
WNK1	NM_014823	exon26	c.G6158T	p.G2053V	G	V	2053
WNK1	NM_001184985	exon28	c.G7682T	p.G2561V	G	V	2561
WNK1	NM_018979	exon28	c.G6902T	p.G2301V	G	V	2301
WNK1	NM_213655	exon28	c.G7658T	p.G2553V	G	V	2553
WNK1	NM_014823	exon26	c.G6277A	p.G2093S	G	S	2093
WNK1	NM_001184985	exon28	c.G7801A	p.G2601S	G	S	2601
WNK1	NM_018979	exon28	c.G7021A	p.G2341S	G	S	2341
WNK1	NM_213655	exon28	c.G7777A	p.G2593S	G	S	2593
WNK1	NM_014823	exon26	c.C6394T	p.R2132W	R	W	2132
WNK1	NM_001184985	exon28	c.C7918T	p.R2640W	R	W	2640
WNK1	NM_018979	exon28	c.C7138T	p.R2380W	R	W	2380
WNK1	NM_213655	exon28	c.C7894T	p.R2632W	R	W	2632
CDK2	NM_001290230	exon1	c.G6C	p.E2D	E	D	2
CDK2	NM_001798	exon1	c.G6C	p.E2D	E	D	2
CDK2	NM_052827	exon1	c.G6C	p.E2D	E	D	2
CDK2	NM_001290230	exon3	c.G373A	p.A125T	A	T	125
CDK2	NM_001798	exon4	c.G451A	p.A151T	A	T	151
CDK2	NM_052827	exon4	c.G451A	p.A151T	A	T	151
CDK2	NM_001290230	exon4	c.G554A	p.R185Q	R	Q	185
CDK2	NM_052827	exon5	c.G632A	p.R211Q	R	Q	211
CDK2	NM_001798	exon6	c.G734A	p.R245Q	R	Q	245
CDK2	NM_001290230	exon5	c.C667A	p.H223N	H	N	223
CDK2	NM_052827	exon6	c.C745A	p.H249N	H	N	249
CDK2	NM_001798	exon7	c.C847A	p.H283N	H	N	283
CDK2	NM_001290230	exon5	c.C689G	p.T230S	T	S	230
CDK2	NM_052827	exon6	c.C767G	p.T256S	T	S	256
CDK2	NM_001798	exon7	c.C869G	p.T290S	T	S	290
ULK3	NM_001099436	exon14	c.A1334G	p.K445R	K	R	445
ULK3	NM_001284365	exon14	c.A983G	p.K328R	K	R	328
ULK3	NM_001099436	exon14	c.C1297A	p.L433I	L	I	433
ULK3	NM_001284364	exon14	c.C1297A	p.L433I	L	I	433
ULK3	NM_001284365	exon14	c.C946A	p.L316I	L	I	316
ULK3	NM_001099436	exon12	c.G1183A	p.G395R	G	R	395
ULK3	NM_001284364	exon12	c.G1183A	p.G395R	G	R	395
ULK3	NM_001284365	exon12	c.G832A	p.G278R	G	R	278
ULK3	NM_001099436	exon7	c.G848A	p.R283Q	R	Q	283
ULK3	NM_001284364	exon7	c.G848A	p.R283Q	R	Q	283
ULK3	NM_001284365	exon7	c.G497A	p.R166Q	R	Q	166
ULK3	NM_001099436	exon5	c.G578A	p.R193H	R	H	193
ULK3	NM_001284364	exon5	c.G578A	p.R193H	R	H	193
ULK3	NM_001284365	exon5	c.G227A	p.R76H	R	H	76
ULK3	NM_001099436	exon5	c.C562T	p.R188W	R	W	188
ULK3	NM_001284364	exon5	c.C562T	p.R188W	R	W	188
ULK3	NM_001284365	exon5	c.C211T	p.R71W	R	W	71
ULK3	NM_001099436	exon5	c.C530A	p.P177H	P	H	177
ULK3	NM_001284364	exon5	c.C530A	p.P177H	P	H	177
ULK3	NM_001284365	exon5	c.C179A	p.P60H	P	H	60
ULK3	NM_001099436	exon4	c.C365A	p.A122D	A	D	122
ULK3	NM_001284364	exon4	c.C365A	p.A122D	A	D	122
ULK3	NM_001284365	exon4	c.C14A	p.A5D	A	D	5
ULK3	NM_001099436	exon3	c.G336C	p.K112N	K	N	112
ULK3	NM_001284364	exon3	c.G336C	p.K112N	K	N	112
ULK3	NM_001099436	exon3	c.G302A	p.R101H	R	H	101
ULK3	NM_001284364	exon3	c.G302A	p.R101H	R	H	101
IGF1R	NM_000875	exon1	c.G16A	p.G6R	G	R	6
IGF1R	NM_001291858	exon1	c.G16A	p.G6R	G	R	6
IGF1R	NM_000875	exon2	c.C236T	p.T79M	T	M	79
IGF1R	NM_001291858	exon2	c.C236T	p.T79M	T	M	79
IGF1R	NM_000875	exon2	c.C458T	p.S153F	S	F	153
IGF1R	NM_001291858	exon2	c.C458T	p.S153F	S	F	153
IGF1R	NM_000875	exon2	c.C568T	p.P190S	P	S	190
IGF1R	NM_001291858	exon2	c.C568T	p.P190S	P	S	190
IGF1R	NM_000875	exon3	c.G721A	p.A241T	A	T	241
IGF1R	NM_001291858	exon3	c.G721A	p.A241T	A	T	241
IGF1R	NM_000875	exon3	c.C770T	p.A257V	A	V	257
IGF1R	NM_001291858	exon3	c.C770T	p.A257V	A	V	257
IGF1R	NM_000875	exon3	c.G772A	p.G258S	G	S	258
IGF1R	NM_001291858	exon3	c.G772A	p.G258S	G	S	258
IGF1R	NM_000875	exon3	c.C788T	p.A263V	A	V	263
IGF1R	NM_001291858	exon3	c.C788T	p.A263V	A	V	263
IGF1R	NM_000875	exon3	c.A934G	p.I312V	I	V	312
IGF1R	NM_001291858	exon3	c.A934G	p.I312V	I	V	312
IGF1R	NM_000875	exon4	c.C1096T	p.R366W	R	W	366
IGF1R	NM_001291858	exon4	c.C1096T	p.R366W	R	W	366
IGF1R	NM_000875	exon5	c.G1134A	p.M378I	M	I	378
IGF1R	NM_001291858	exon5	c.G1134A	p.M378I	M	I	378
IGF1R	NM_000875	exon6	c.G1310A	p.R437H	R	H	437
IGF1R	NM_001291858	exon6	c.G1310A	p.R437H	R	H	437
IGF1R	NM_000875	exon7	c.C1502T	p.S501L	S	L	501
IGF1R	NM_001291858	exon7	c.C1502T	p.S501L	S	L	501
IGF1R	NM_000875	exon8	c.A1799C	p.E600A	E	A	600
IGF1R	NM_001291858	exon8	c.A1799C	p.E600A	E	A	600
IGF1R	NM_000875	exon8	c.G1814A	p.R605H	R	H	605
IGF1R	NM_001291858	exon8	c.G1814A	p.R605H	R	H	605
IGF1R	NM_000875	exon9	c.G1976A	p.R659Q	R	Q	659
IGF1R	NM_001291858	exon9	c.G1976A	p.R659Q	R	Q	659
IGF1R	NM_000875	exon11	c.G2250A	p.M750I	M	I	750
IGF1R	NM_001291858	exon11	c.G2250A	p.M750I	M	I	750
IGF1R	NM_000875	exon12	c.A2570G	p.N857S	N	S	857
IGF1R	NM_001291858	exon12	c.A2570G	p.N857S	N	S	857
IGF1R	NM_000875	exon12	c.C2587A	p.L863I	L	I	863
IGF1R	NM_001291858	exon12	c.C2587A	p.L863I	L	I	863
IGF1R	NM_000875	exon15	c.G2908A	p.G970R	G	R	970
IGF1R	NM_001291858	exon15	c.G2905A	p.G969R	G	R	969
IGF1R	NM_000875	exon16	c.G3008A	p.R1003Q	R	Q	1003
IGF1R	NM_001291858	exon16	c.G3005A	p.R1002Q	R	Q	1002
IGF1R	NM_000875	exon18	c.A3435C	p.E1145D	E	D	1145
IGF1R	NM_001291858	exon18	c.A3432C	p.E1144D	E	D	1144
IGF1R	NM_000875	exon21	c.G3829C	p.V1277L	V	L	1277
IGF1R	NM_001291858	exon21	c.G3826C	p.V1276L	V	L	1276
IGF1R	NM_000875	exon21	c.G3850A	p.E1284K	E	K	1284
IGF1R	NM_001291858	exon21	c.G3847A	p.E1283K	E	K	1283
IGF1R	NM_000875	exon21	c.G3907A	p.V1303I	V	I	1303
IGF1R	NM_001291858	exon21	c.G3904A	p.V1302I	V	I	1302
IGF1R	NM_000875	exon21	c.C3935T	p.S1312F	S	F	1312
IGF1R	NM_001291858	exon21	c.C3932T	p.S1311F	S	F	1311
IGF1R	NM_000875	exon21	c.G3988A	p.G1330S	G	S	1330
IGF1R	NM_001291858	exon21	c.G3985A	p.G1329S	G	S	1329
IGF1R	NM_000875	exon21	c.C4000G	p.L1334V	L	V	1334
IGF1R	NM_001291858	exon21	c.C3997G	p.L1333V	L	V	1333
IGF1R	NM_000875	exon21	c.C4009T	p.R1337C	R	C	1337
IGF1R	NM_001291858	exon21	c.C4006T	p.R1336C	R	C	1336
IGF1R	NM_000875	exon21	c.C4069T	p.R1357W	R	W	1357
IGF1R	NM_001291858	exon21	c.C4066T	p.R1356W	R	W	1356
IGF1R	NM_000875	exon21	c.G4072A	p.A1358T	A	T	1358
IGF1R	NM_001291858	exon21	c.G4069A	p.A1357T	A	T	1357
PHKG2	NM_000294	exon2	c.G13A	p.V5M	V	M	5
PHKG2	NM_001172432	exon2	c.G13A	p.V5M	V	M	5
PHKG2	NM_000294	exon5	c.C371A	p.A124D	A	D	124
PHKG2	NM_001172432	exon5	c.C371A	p.A124D	A	D	124
PHKG2	NM_000294	exon9	c.C919T	p.R307W	R	W	307
PHKG2	NM_001172432	exon9	c.C919T	p.R307W	R	W	307
PHKG2	NM_000294	exon9	c.G920A	p.R307Q	R	Q	307
PHKG2	NM_001172432	exon9	c.G920A	p.R307Q	R	Q	307
PHKG2	NM_000294	exon10	c.G982T	p.V328L	V	L	328
PHKG2	NM_001172432	exon10	c.G982T	p.V328L	V	L	328
PHKG2	NM_000294	exon10	c.G1031A	p.R344Q	R	Q	344
PHKG2	NM_001172432	exon10	c.G1031A	p.R344Q	R	Q	344
PHKG2	NM_000294	exon10	c.G1084A	p.V362I	V	I	362
HASPIN	NM_031965	exon1	c.G66C	p.R22S	R	S	22
HASPIN	NM_031965	exon1	c.G166T	p.D56Y	D	Y	56
HASPIN	NM_031965	exon1	c.G184A	p.D62N	D	N	62
HASPIN	NM_031965	exon1	c.T227A	p.V76E	V	E	76
HASPIN	NM_031965	exon1	c.C244T	p.R82C	R	C	82
HASPIN	NM_031965	exon1	c.G434A	p.R145H	R	H	145
HASPIN	NM_031965	exon1	c.C443G	p.P148R	P	R	148
HASPIN	NM_031965	exon1	c.C448T	p.L150F	L	F	150
HASPIN	NM_031965	exon1	c.C530T	p.P177L	P	L	177
HASPIN	NM_031965	exon1	c.C539G	p.P180R	P	R	180
HASPIN	NM_031965	exon1	c.G611A	p.G204D	G	D	204
HASPIN	NM_031965	exon1	c.G699A	p.M233I	M	I	233
HASPIN	NM_031965	exon1	c.C721T	p.L241F	L	F	241
HASPIN	NM_031965	exon1	c.G847A	p.G283S	G	S	283
HASPIN	NM_031965	exon1	c.A862G	p.S288G	S	G	288
HASPIN	NM_031965	exon1	c.T983C	p.I328T	I	T	328
HASPIN	NM_031965	exon1	c.C1063T	p.R355C	R	C	355
HASPIN	NM_031965	exon1	c.T1133C	p.V378A	V	A	378
HASPIN	NM_031965	exon1	c.G1156C	p.A386P	A	P	386
HASPIN	NM_031965	exon1	c.G1268A	p.R423Q	R	Q	423
HASPIN	NM_031965	exon1	c.G1522T	p.V508L	V	L	508
HASPIN	NM_031965	exon1	c.C1654T	p.R552C	R	C	552
HASPIN	NM_031965	exon1	c.C1768T	p.R590W	R	W	590
HASPIN	NM_031965	exon1	c.A1842C	p.Q614H	Q	H	614
HASPIN	NM_031965	exon1	c.G1847A	p.R616Q	R	Q	616
HASPIN	NM_031965	exon1	c.G2084C	p.R695P	R	P	695
HASPIN	NM_031965	exon1	c.G2140A	p.D714N	D	N	714
HASPIN	NM_031965	exon1	c.C2270A	p.T757N	T	N	757
HASPIN	NM_031965	exon1	c.T2342C	p.M781T	M	T	781
STRADA	NM_001003786	exon11	c.G1043A	p.R348H	R	H	348
STRADA	NM_001003788	exon12	c.G980A	p.R327H	R	H	327
STRADA	NM_001003787	exon13	c.G1154A	p.R385H	R	H	385
STRADA	NM_153335	exon9	c.C994T	p.P332S	P	S	332
STRADA	NM_001003786	exon9	c.A896G	p.N299S	N	S	299
STRADA	NM_001165969	exon9	c.A920G	p.N307S	N	S	307
STRADA	NM_001165970	exon9	c.A875G	p.N292S	N	S	292
STRADA	NM_153335	exon9	c.A896G	p.N299S	N	S	299
STRADA	NM_001003788	exon10	c.A833G	p.N278S	N	S	278
STRADA	NM_001003787	exon11	c.A1007G	p.N336S	N	S	336
STRADA	NM_001003786	exon9	c.C881A	p.T294N	T	N	294
STRADA	NM_001165969	exon9	c.C905A	p.T302N	T	N	302
STRADA	NM_001165970	exon9	c.C860A	p.T287N	T	N	287
STRADA	NM_153335	exon9	c.C881A	p.T294N	T	N	294
STRADA	NM_001003788	exon10	c.C818A	p.T273N	T	N	273
STRADA	NM_001003787	exon11	c.C992A	p.T331N	T	N	331
STRADA	NM_001003786	exon9	c.G790T	p.D264Y	D	Y	264
STRADA	NM_001165969	exon9	c.G814T	p.D272Y	D	Y	272
STRADA	NM_001165970	exon9	c.G769T	p.D257Y	D	Y	257
STRADA	NM_153335	exon9	c.G790T	p.D264Y	D	Y	264
STRADA	NM_001003788	exon10	c.G727T	p.D243Y	D	Y	243
STRADA	NM_001003787	exon11	c.G901T	p.D301Y	D	Y	301
STRADA	NM_001003786	exon7	c.A557G	p.H186R	H	R	186
STRADA	NM_001165969	exon7	c.A581G	p.H194R	H	R	194
STRADA	NM_001165970	exon7	c.A536G	p.H179R	H	R	179
STRADA	NM_153335	exon7	c.A557G	p.H186R	H	R	186
STRADA	NM_001003788	exon8	c.A494G	p.H165R	H	R	165
STRADA	NM_001003787	exon9	c.A668G	p.H223R	H	R	223
STRADA	NM_001003786	exon6	c.G390T	p.M130I	M	I	130
STRADA	NM_001165969	exon6	c.G414T	p.M138I	M	I	138
STRADA	NM_001165970	exon6	c.G369T	p.M123I	M	I	123
STRADA	NM_153335	exon6	c.G390T	p.M130I	M	I	130
STRADA	NM_001003788	exon7	c.G327T	p.M109I	M	I	109
STRADA	NM_001003787	exon8	c.G501T	p.M167I	M	I	167
STRADA	NM_001003786	exon6	c.C353T	p.A118V	A	V	118
STRADA	NM_001165969	exon6	c.C377T	p.A126V	A	V	126
STRADA	NM_001165970	exon6	c.C332T	p.A111V	A	V	111
STRADA	NM_153335	exon6	c.C353T	p.A118V	A	V	118
STRADA	NM_001003788	exon7	c.C290T	p.A97V	A	V	97
STRADA	NM_001003787	exon8	c.C464T	p.A155V	A	V	155
STRADA	NM_001003786	exon5	c.C272G	p.P91R	P	R	91
STRADA	NM_001165969	exon5	c.C296G	p.P99R	P	R	99
STRADA	NM_001165970	exon5	c.C251G	p.P84R	P	R	84
STRADA	NM_153335	exon5	c.C272G	p.P91R	P	R	91
STRADA	NM_001003788	exon6	c.C209G	p.P70R	P	R	70
STRADA	NM_001003787	exon7	c.C383G	p.P128R	P	R	128
STRADA	NM_001003787	exon4	c.G107T	p.G36V	G	V	36
INSR	NM_001079817	exon21	c.A4103G	p.N1368S	N	S	1368
INSR	NM_000208	exon22	c.A4139G	p.N1380S	N	S	1380
INSR	NM_001079817	exon21	c.G4097A	p.R1366Q	R	Q	1366
INSR	NM_000208	exon22	c.G4133A	p.R1378Q	R	Q	1378
INSR	NM_001079817	exon16	c.G3161A	p.R1054Q	R	Q	1054
INSR	NM_000208	exon17	c.G3197A	p.R1066Q	R	Q	1066
INSR	NM_001079817	exon16	c.G2998A	p.V1000M	V	M	1000
INSR	NM_000208	exon17	c.G3034A	p.V1012M	V	M	1012
INSR	NM_001079817	exon14	c.G2842A	p.G948S	G	S	948
INSR	NM_000208	exon15	c.G2878A	p.G960S	G	S	960
INSR	NM_001079817	exon13	c.C2802G	p.D934E	D	E	934
INSR	NM_000208	exon14	c.C2838G	p.D946E	D	E	946
INSR	NM_001079817	exon13	c.G2680A	p.A894T	A	T	894
INSR	NM_000208	exon14	c.G2716A	p.A906T	A	T	906
INSR	NM_001079817	exon12	c.G2608A	p.V870M	V	M	870
INSR	NM_000208	exon13	c.G2644A	p.V882M	V	M	882
INSR	NM_000208	exon11	c.G2245A	p.G749S	G	S	749
INSR	NM_000208	exon10	c.T2104A	p.Y702N	Y	N	702
INSR	NM_001079817	exon10	c.T2104A	p.Y702N	Y	N	702
INSR	NM_000208	exon10	c.G2088C	p.K696N	K	N	696
INSR	NM_001079817	exon10	c.G2088C	p.K696N	K	N	696
INSR	NM_000208	exon8	c.C1799T	p.S600L	S	L	600
INSR	NM_001079817	exon8	c.C1799T	p.S600L	S	L	600
INSR	NM_000208	exon8	c.G1777T	p.V593L	V	L	593
INSR	NM_001079817	exon8	c.G1777T	p.V593L	V	L	593
INSR	NM_000208	exon5	c.G1238A	p.R413H	R	H	413
INSR	NM_001079817	exon5	c.G1238A	p.R413H	R	H	413
INSR	NM_000208	exon5	c.G1156A	p.G386S	G	S	386
INSR	NM_001079817	exon5	c.G1156A	p.G386S	G	S	386
INSR	NM_000208	exon4	c.G1084A	p.V362I	V	I	362
INSR	NM_001079817	exon4	c.G1084A	p.V362I	V	I	362
INSR	NM_000208	exon3	c.C907A	p.Q303K	Q	K	303
INSR	NM_001079817	exon3	c.C907A	p.Q303K	Q	K	303
INSR	NM_000208	exon3	c.C811T	p.P271S	P	S	271
INSR	NM_001079817	exon3	c.C811T	p.P271S	P	S	271
INSR	NM_000208	exon2	c.G607A	p.G203R	G	R	203
INSR	NM_001079817	exon2	c.G607A	p.G203R	G	R	203
INSR	NM_000208	exon2	c.C345G	p.F115L	F	L	115
INSR	NM_001079817	exon2	c.C345G	p.F115L	F	L	115
INSR	NM_000208	exon2	c.C226G	p.L76V	L	V	76
INSR	NM_001079817	exon2	c.C226G	p.L76V	L	V	76
INSR	NM_000208	exon1	c.C50T	p.A17V	A	V	17
INSR	NM_001079817	exon1	c.C50T	p.A17V	A	V	17
INSR	NM_000208	exon1	c.C8T	p.T3I	T	I	3
INSR	NM_001079817	exon1	c.C8T	p.T3I	T	I	3
INSR	NM_000208	exon1	c.C5G	p.A2G	A	G	2
INSR	NM_001079817	exon1	c.C5G	p.A2G	A	G	2
WEE2	NM_001105558	exon6	c.T968C	p.I323T	I	T	323
